seed,inference_method,posterior_sample_count,discrepancy_scale,noise_floor,tau,feasible,T_tau_median_us,T_tau_ci90_width_us,chance_constraint_satisfaction_rate,out_of_sample_violation_rate,dominant_error_channel_entropy,detuning_hz,pulse_family
13,hmc,2000,1.0,1e-05,0.01,True,0.20379033279604394,0.04034772064145273,1.0,0.0,1.2689973949785278,4000000000.0,square
13,hmc,2000,1.0,1e-05,0.001,False,,,0.0,1.0,,,
13,hmc,2000,1.0,1e-05,0.0001,False,,,0.0,1.0,,,
13,hmc,2000,1.0,1e-05,1e-05,False,,,0.0,1.0,,,
13,hmc,2000,1.0,2.5e-05,0.01,True,0.2031303662311092,0.039947243131816884,1.0,0.0,1.2689973949785278,4000000000.0,square
13,hmc,2000,1.0,2.5e-05,0.001,False,,,0.0,1.0,,,
13,hmc,2000,1.0,2.5e-05,0.0001,False,,,0.0,1.0,,,
13,hmc,2000,1.0,2.5e-05,1e-05,False,,,0.0,1.0,,,
13,hmc,2000,2.5,1e-05,0.01,True,0.2034439676279093,0.07871771087906085,0.9975,0.0025,1.2689973949785278,4000000000.0,square
13,hmc,2000,2.5,1e-05,0.001,False,,,0.0,1.0,,,
13,hmc,2000,2.5,1e-05,0.0001,False,,,0.0,1.0,,,
13,hmc,2000,2.5,1e-05,1e-05,False,,,0.0,1.0,,,
13,hmc,2000,2.5,2.5e-05,0.01,True,0.2034929635004674,0.07991591209701601,0.998,0.002,1.2689973949785278,4000000000.0,square
13,hmc,2000,2.5,2.5e-05,0.001,False,,,0.0,1.0,,,
13,hmc,2000,2.5,2.5e-05,0.0001,False,,,0.0,1.0,,,
13,hmc,2000,2.5,2.5e-05,1e-05,False,,,0.0,1.0,,,
13,hmc,2000,5.0,1e-05,0.01,True,0.3063419283918398,0.22641711544490473,1.0,0.0,1.2689973949785278,6000000000.0,square
13,hmc,2000,5.0,1e-05,0.001,False,,,0.0,1.0,,,
13,hmc,2000,5.0,1e-05,0.0001,False,,,0.0,1.0,,,
13,hmc,2000,5.0,1e-05,1e-05,False,,,0.0,1.0,,,
13,hmc,2000,5.0,2.5e-05,0.01,True,0.3040743277273682,0.2266151818517005,1.0,0.0,1.2689973949785278,6000000000.0,square
13,hmc,2000,5.0,2.5e-05,0.001,False,,,0.0,1.0,,,
13,hmc,2000,5.0,2.5e-05,0.0001,False,,,0.0,1.0,,,
13,hmc,2000,5.0,2.5e-05,1e-05,False,,,0.0,1.0,,,
13,hmc,5000,1.0,1e-05,0.01,True,0.20380400938162088,0.04055298813139932,1.0,0.0,1.2689973949785278,4000000000.0,square
13,hmc,5000,1.0,1e-05,0.001,False,,,0.0,1.0,,,
13,hmc,5000,1.0,1e-05,0.0001,False,,,0.0,1.0,,,
13,hmc,5000,1.0,1e-05,1e-05,False,,,0.0,1.0,,,
13,hmc,5000,1.0,2.5e-05,0.01,True,0.20369313234127456,0.04017336013037989,1.0,0.0,1.2689973949785278,4000000000.0,square
13,hmc,5000,1.0,2.5e-05,0.001,False,,,0.0,1.0,,,
13,hmc,5000,1.0,2.5e-05,0.0001,False,,,0.0,1.0,,,
13,hmc,5000,1.0,2.5e-05,1e-05,False,,,0.0,1.0,,,
13,hmc,5000,2.5,1e-05,0.01,True,0.2037446515061221,0.07989971998988193,0.998,0.002,1.2689973949785278,4000000000.0,square
13,hmc,5000,2.5,1e-05,0.001,False,,,0.0,1.0,,,
13,hmc,5000,2.5,1e-05,0.0001,False,,,0.0,1.0,,,
13,hmc,5000,2.5,1e-05,1e-05,False,,,0.0,1.0,,,
13,hmc,5000,2.5,2.5e-05,0.01,True,0.20398164051859866,0.08100019154720095,0.9988,0.0012,1.2689973949785278,4000000000.0,square
13,hmc,5000,2.5,2.5e-05,0.001,False,,,0.0,1.0,,,
13,hmc,5000,2.5,2.5e-05,0.0001,False,,,0.0,1.0,,,
13,hmc,5000,2.5,2.5e-05,1e-05,False,,,0.0,1.0,,,
13,hmc,5000,5.0,1e-05,0.01,True,0.30472799337143774,0.22101030177557096,0.9998,0.0002,1.2689973949785278,6000000000.0,square
13,hmc,5000,5.0,1e-05,0.001,False,,,0.0,1.0,,,
13,hmc,5000,5.0,1e-05,0.0001,False,,,0.0,1.0,,,
13,hmc,5000,5.0,1e-05,1e-05,False,,,0.0,1.0,,,
13,hmc,5000,5.0,2.5e-05,0.01,True,0.3039713212524281,0.21988800624695037,0.9998,0.0002,1.2689973949785278,6000000000.0,square
13,hmc,5000,5.0,2.5e-05,0.001,False,,,0.0,1.0,,,
13,hmc,5000,5.0,2.5e-05,0.0001,False,,,0.0,1.0,,,
13,hmc,5000,5.0,2.5e-05,1e-05,False,,,0.0,1.0,,,
13,hmc,10000,1.0,1e-05,0.01,True,0.20358660921002175,0.04069116733520742,1.0,0.0,1.2689973949785278,4000000000.0,square
13,hmc,10000,1.0,1e-05,0.001,False,,,0.0,1.0,,,
13,hmc,10000,1.0,1e-05,0.0001,False,,,0.0,1.0,,,
13,hmc,10000,1.0,1e-05,1e-05,False,,,0.0,1.0,,,
13,hmc,10000,1.0,2.5e-05,0.01,True,0.20353514897752864,0.04047018652571621,1.0,0.0,1.2689973949785278,4000000000.0,square
13,hmc,10000,1.0,2.5e-05,0.001,False,,,0.0,1.0,,,
13,hmc,10000,1.0,2.5e-05,0.0001,False,,,0.0,1.0,,,
13,hmc,10000,1.0,2.5e-05,1e-05,False,,,0.0,1.0,,,
13,hmc,10000,2.5,1e-05,0.01,True,0.2037878804431616,0.08054904757986417,0.9987,0.0013,1.2689973949785278,4000000000.0,square
13,hmc,10000,2.5,1e-05,0.001,False,,,0.0,1.0,,,
13,hmc,10000,2.5,1e-05,0.0001,False,,,0.0,1.0,,,
13,hmc,10000,2.5,1e-05,1e-05,False,,,0.0,1.0,,,
13,hmc,10000,2.5,2.5e-05,0.01,True,0.20395881477528424,0.07953154204180576,0.9991,0.0009,1.2689973949785278,4000000000.0,square
13,hmc,10000,2.5,2.5e-05,0.001,False,,,0.0,1.0,,,
13,hmc,10000,2.5,2.5e-05,0.0001,False,,,0.0,1.0,,,
13,hmc,10000,2.5,2.5e-05,1e-05,False,,,0.0,1.0,,,
13,hmc,10000,5.0,1e-05,0.01,True,0.3059090539646455,0.21805572751239857,1.0,0.0,1.2689973949785278,6000000000.0,square
13,hmc,10000,5.0,1e-05,0.001,False,,,0.0,1.0,,,
13,hmc,10000,5.0,1e-05,0.0001,False,,,0.0,1.0,,,
13,hmc,10000,5.0,1e-05,1e-05,False,,,0.0,1.0,,,
13,hmc,10000,5.0,2.5e-05,0.01,True,0.3047508714786302,0.2220887184915164,1.0,0.0,1.2689973949785278,6000000000.0,square
13,hmc,10000,5.0,2.5e-05,0.001,False,,,0.0,1.0,,,
13,hmc,10000,5.0,2.5e-05,0.0001,False,,,0.0,1.0,,,
13,hmc,10000,5.0,2.5e-05,1e-05,False,,,0.0,1.0,,,
13,smc,2000,1.0,1e-05,0.01,True,0.20364307017995367,0.04115521646554984,1.0,0.0,1.2689973949785278,4000000000.0,square
13,smc,2000,1.0,1e-05,0.001,False,,,0.0,1.0,,,
13,smc,2000,1.0,1e-05,0.0001,False,,,0.0,1.0,,,
13,smc,2000,1.0,1e-05,1e-05,False,,,0.0,1.0,,,
13,smc,2000,1.0,2.5e-05,0.01,True,0.20369293097322527,0.04003034204917963,1.0,0.0,1.2689973949785278,4000000000.0,square
13,smc,2000,1.0,2.5e-05,0.001,False,,,0.0,1.0,,,
13,smc,2000,1.0,2.5e-05,0.0001,False,,,0.0,1.0,,,
13,smc,2000,1.0,2.5e-05,1e-05,False,,,0.0,1.0,,,
13,smc,2000,2.5,1e-05,0.01,True,0.20355246511986233,0.07834157860071284,0.999,0.001,1.2689973949785278,4000000000.0,square
13,smc,2000,2.5,1e-05,0.001,False,,,0.0,1.0,,,
13,smc,2000,2.5,1e-05,0.0001,False,,,0.0,1.0,,,
13,smc,2000,2.5,1e-05,1e-05,False,,,0.0,1.0,,,
13,smc,2000,2.5,2.5e-05,0.01,True,0.20408348152763306,0.08069837756301018,0.999,0.001,1.2689973949785278,4000000000.0,square
13,smc,2000,2.5,2.5e-05,0.001,False,,,0.0,1.0,,,
13,smc,2000,2.5,2.5e-05,0.0001,False,,,0.0,1.0,,,
13,smc,2000,2.5,2.5e-05,1e-05,False,,,0.0,1.0,,,
13,smc,2000,5.0,1e-05,0.01,True,0.3047494583120085,0.21452202670758377,1.0,0.0,1.2689973949785278,6000000000.0,square
13,smc,2000,5.0,1e-05,0.001,False,,,0.0,1.0,,,
13,smc,2000,5.0,1e-05,0.0001,False,,,0.0,1.0,,,
13,smc,2000,5.0,1e-05,1e-05,False,,,0.0,1.0,,,
13,smc,2000,5.0,2.5e-05,0.01,True,0.3051952994401612,0.2219398403788485,1.0,0.0,1.2689973949785278,6000000000.0,square
13,smc,2000,5.0,2.5e-05,0.001,False,,,0.0,1.0,,,
13,smc,2000,5.0,2.5e-05,0.0001,False,,,0.0,1.0,,,
13,smc,2000,5.0,2.5e-05,1e-05,False,,,0.0,1.0,,,
13,smc,5000,1.0,1e-05,0.01,True,0.20364395281274625,0.04010808171950367,1.0,0.0,1.2689973949785278,4000000000.0,square
13,smc,5000,1.0,1e-05,0.001,False,,,0.0,1.0,,,
13,smc,5000,1.0,1e-05,0.0001,False,,,0.0,1.0,,,
13,smc,5000,1.0,1e-05,1e-05,False,,,0.0,1.0,,,
13,smc,5000,1.0,2.5e-05,0.01,True,0.20359435747122256,0.04002320807250892,1.0,0.0,1.2689973949785278,4000000000.0,square
13,smc,5000,1.0,2.5e-05,0.001,False,,,0.0,1.0,,,
13,smc,5000,1.0,2.5e-05,0.0001,False,,,0.0,1.0,,,
13,smc,5000,1.0,2.5e-05,1e-05,False,,,0.0,1.0,,,
13,smc,5000,2.5,1e-05,0.01,True,0.2033895112402218,0.08120254403798435,0.9978,0.0022,1.2689973949785278,4000000000.0,square
13,smc,5000,2.5,1e-05,0.001,False,,,0.0,1.0,,,
13,smc,5000,2.5,1e-05,0.0001,False,,,0.0,1.0,,,
13,smc,5000,2.5,1e-05,1e-05,False,,,0.0,1.0,,,
13,smc,5000,2.5,2.5e-05,0.01,True,0.20361861815465745,0.0806475886785373,0.9984,0.0016,1.2689973949785278,4000000000.0,square
13,smc,5000,2.5,2.5e-05,0.001,False,,,0.0,1.0,,,
13,smc,5000,2.5,2.5e-05,0.0001,False,,,0.0,1.0,,,
13,smc,5000,2.5,2.5e-05,1e-05,False,,,0.0,1.0,,,
13,smc,5000,5.0,1e-05,0.01,True,0.30391753620304546,0.22097830184791725,0.9998,0.0002,1.2689973949785278,6000000000.0,square
13,smc,5000,5.0,1e-05,0.001,False,,,0.0,1.0,,,
13,smc,5000,5.0,1e-05,0.0001,False,,,0.0,1.0,,,
13,smc,5000,5.0,1e-05,1e-05,False,,,0.0,1.0,,,
13,smc,5000,5.0,2.5e-05,0.01,True,0.3039478139827947,0.21833435956705147,1.0,0.0,1.2689973949785278,6000000000.0,square
13,smc,5000,5.0,2.5e-05,0.001,False,,,0.0,1.0,,,
13,smc,5000,5.0,2.5e-05,0.0001,False,,,0.0,1.0,,,
13,smc,5000,5.0,2.5e-05,1e-05,False,,,0.0,1.0,,,
13,smc,10000,1.0,1e-05,0.01,True,0.20346536719433816,0.03975598139984163,1.0,0.0,1.2689973949785278,4000000000.0,square
13,smc,10000,1.0,1e-05,0.001,False,,,0.0,1.0,,,
13,smc,10000,1.0,1e-05,0.0001,False,,,0.0,1.0,,,
13,smc,10000,1.0,1e-05,1e-05,False,,,0.0,1.0,,,
13,smc,10000,1.0,2.5e-05,0.01,True,0.2039321113639166,0.04078072671827096,1.0,0.0,1.2689973949785278,4000000000.0,square
13,smc,10000,1.0,2.5e-05,0.001,False,,,0.0,1.0,,,
13,smc,10000,1.0,2.5e-05,0.0001,False,,,0.0,1.0,,,
13,smc,10000,1.0,2.5e-05,1e-05,False,,,0.0,1.0,,,
13,smc,10000,2.5,1e-05,0.01,True,0.20348055970810858,0.08008531805558375,0.9988,0.0012,1.2689973949785278,4000000000.0,square
13,smc,10000,2.5,1e-05,0.001,False,,,0.0,1.0,,,
13,smc,10000,2.5,1e-05,0.0001,False,,,0.0,1.0,,,
13,smc,10000,2.5,1e-05,1e-05,False,,,0.0,1.0,,,
13,smc,10000,2.5,2.5e-05,0.01,True,0.2033646313714097,0.08085256306692803,0.999,0.001,1.2689973949785278,4000000000.0,square
13,smc,10000,2.5,2.5e-05,0.001,False,,,0.0,1.0,,,
13,smc,10000,2.5,2.5e-05,0.0001,False,,,0.0,1.0,,,
13,smc,10000,2.5,2.5e-05,1e-05,False,,,0.0,1.0,,,
13,smc,10000,5.0,1e-05,0.01,True,0.3056069875338836,0.21985575733776064,0.9999,0.0001,1.2689973949785278,6000000000.0,square
13,smc,10000,5.0,1e-05,0.001,False,,,0.0,1.0,,,
13,smc,10000,5.0,1e-05,0.0001,False,,,0.0,1.0,,,
13,smc,10000,5.0,1e-05,1e-05,False,,,0.0,1.0,,,
13,smc,10000,5.0,2.5e-05,0.01,True,0.30505778306539144,0.22011197847607933,0.9999,0.0001,1.2689973949785278,6000000000.0,square
13,smc,10000,5.0,2.5e-05,0.001,False,,,0.0,1.0,,,
13,smc,10000,5.0,2.5e-05,0.0001,False,,,0.0,1.0,,,
13,smc,10000,5.0,2.5e-05,1e-05,False,,,0.0,1.0,,,
31,hmc,2000,1.0,1e-05,0.01,True,0.20326666663891751,0.038902577168542896,1.0,0.0,1.2689973949785278,4000000000.0,square
31,hmc,2000,1.0,1e-05,0.001,False,,,0.0,1.0,,,
31,hmc,2000,1.0,1e-05,0.0001,False,,,0.0,1.0,,,
31,hmc,2000,1.0,1e-05,1e-05,False,,,0.0,1.0,,,
31,hmc,2000,1.0,2.5e-05,0.01,True,0.2041795609232499,0.04141277858361653,1.0,0.0,1.2689973949785278,4000000000.0,square
31,hmc,2000,1.0,2.5e-05,0.001,False,,,0.0,1.0,,,
31,hmc,2000,1.0,2.5e-05,0.0001,False,,,0.0,1.0,,,
31,hmc,2000,1.0,2.5e-05,1e-05,False,,,0.0,1.0,,,
31,hmc,2000,2.5,1e-05,0.01,True,0.20248901154931553,0.08305285872291324,1.0,0.0,1.2689973949785278,4000000000.0,square
31,hmc,2000,2.5,1e-05,0.001,False,,,0.0,1.0,,,
31,hmc,2000,2.5,1e-05,0.0001,False,,,0.0,1.0,,,
31,hmc,2000,2.5,1e-05,1e-05,False,,,0.0,1.0,,,
31,hmc,2000,2.5,2.5e-05,0.01,True,0.2023825880280779,0.08056448534811494,0.9975,0.0025,1.2689973949785278,4000000000.0,square
31,hmc,2000,2.5,2.5e-05,0.001,False,,,0.0,1.0,,,
31,hmc,2000,2.5,2.5e-05,0.0001,False,,,0.0,1.0,,,
31,hmc,2000,2.5,2.5e-05,1e-05,False,,,0.0,1.0,,,
31,hmc,2000,5.0,1e-05,0.01,True,0.30587735312818964,0.22084778850708398,1.0,0.0,1.2689973949785278,6000000000.0,square
31,hmc,2000,5.0,1e-05,0.001,False,,,0.0,1.0,,,
31,hmc,2000,5.0,1e-05,0.0001,False,,,0.0,1.0,,,
31,hmc,2000,5.0,1e-05,1e-05,False,,,0.0,1.0,,,
31,hmc,2000,5.0,2.5e-05,0.01,True,0.3036685070444537,0.21979603994677102,1.0,0.0,1.2689973949785278,6000000000.0,square
31,hmc,2000,5.0,2.5e-05,0.001,False,,,0.0,1.0,,,
31,hmc,2000,5.0,2.5e-05,0.0001,False,,,0.0,1.0,,,
31,hmc,2000,5.0,2.5e-05,1e-05,False,,,0.0,1.0,,,
31,hmc,5000,1.0,1e-05,0.01,True,0.20353246359143887,0.03989816628091844,1.0,0.0,1.2689973949785278,4000000000.0,square
31,hmc,5000,1.0,1e-05,0.001,False,,,0.0,1.0,,,
31,hmc,5000,1.0,1e-05,0.0001,False,,,0.0,1.0,,,
31,hmc,5000,1.0,1e-05,1e-05,False,,,0.0,1.0,,,
31,hmc,5000,1.0,2.5e-05,0.01,True,0.20383769996878634,0.04125461598239008,1.0,0.0,1.2689973949785278,4000000000.0,square
31,hmc,5000,1.0,2.5e-05,0.001,False,,,0.0,1.0,,,
31,hmc,5000,1.0,2.5e-05,0.0001,False,,,0.0,1.0,,,
31,hmc,5000,1.0,2.5e-05,1e-05,False,,,0.0,1.0,,,
31,hmc,5000,2.5,1e-05,0.01,True,0.20321038596369972,0.0815635885273508,0.9984,0.0016,1.2689973949785278,4000000000.0,square
31,hmc,5000,2.5,1e-05,0.001,False,,,0.0,1.0,,,
31,hmc,5000,2.5,1e-05,0.0001,False,,,0.0,1.0,,,
31,hmc,5000,2.5,1e-05,1e-05,False,,,0.0,1.0,,,
31,hmc,5000,2.5,2.5e-05,0.01,True,0.20315223768873258,0.08152416799630408,0.9988,0.0012,1.2689973949785278,4000000000.0,square
31,hmc,5000,2.5,2.5e-05,0.001,False,,,0.0,1.0,,,
31,hmc,5000,2.5,2.5e-05,0.0001,False,,,0.0,1.0,,,
31,hmc,5000,2.5,2.5e-05,1e-05,False,,,0.0,1.0,,,
31,hmc,5000,5.0,1e-05,0.01,True,0.30532355675557477,0.22552550774747349,1.0,0.0,1.2689973949785278,6000000000.0,square
31,hmc,5000,5.0,1e-05,0.001,False,,,0.0,1.0,,,
31,hmc,5000,5.0,1e-05,0.0001,False,,,0.0,1.0,,,
31,hmc,5000,5.0,1e-05,1e-05,False,,,0.0,1.0,,,
31,hmc,5000,5.0,2.5e-05,0.01,True,0.305010272146666,0.22096078535961916,1.0,0.0,1.2689973949785278,6000000000.0,square
31,hmc,5000,5.0,2.5e-05,0.001,False,,,0.0,1.0,,,
31,hmc,5000,5.0,2.5e-05,0.0001,False,,,0.0,1.0,,,
31,hmc,5000,5.0,2.5e-05,1e-05,False,,,0.0,1.0,,,
31,hmc,10000,1.0,1e-05,0.01,True,0.2036039762407885,0.04023416685382214,1.0,0.0,1.2689973949785278,4000000000.0,square
31,hmc,10000,1.0,1e-05,0.001,False,,,0.0,1.0,,,
31,hmc,10000,1.0,1e-05,0.0001,False,,,0.0,1.0,,,
31,hmc,10000,1.0,1e-05,1e-05,False,,,0.0,1.0,,,
31,hmc,10000,1.0,2.5e-05,0.01,True,0.20360671472062783,0.039569693427754044,1.0,0.0,1.2689973949785278,4000000000.0,square
31,hmc,10000,1.0,2.5e-05,0.001,False,,,0.0,1.0,,,
31,hmc,10000,1.0,2.5e-05,0.0001,False,,,0.0,1.0,,,
31,hmc,10000,1.0,2.5e-05,1e-05,False,,,0.0,1.0,,,
31,hmc,10000,2.5,1e-05,0.01,True,0.20362970216653886,0.07943359106247924,0.9987,0.0013,1.2689973949785278,4000000000.0,square
31,hmc,10000,2.5,1e-05,0.001,False,,,0.0,1.0,,,
31,hmc,10000,2.5,1e-05,0.0001,False,,,0.0,1.0,,,
31,hmc,10000,2.5,1e-05,1e-05,False,,,0.0,1.0,,,
31,hmc,10000,2.5,2.5e-05,0.01,True,0.2032700223331442,0.07974297047625606,0.9987,0.0013,1.2689973949785278,4000000000.0,square
31,hmc,10000,2.5,2.5e-05,0.001,False,,,0.0,1.0,,,
31,hmc,10000,2.5,2.5e-05,0.0001,False,,,0.0,1.0,,,
31,hmc,10000,2.5,2.5e-05,1e-05,False,,,0.0,1.0,,,
31,hmc,10000,5.0,1e-05,0.01,True,0.3063010088934323,0.2246986155979104,1.0,0.0,1.2689973949785278,6000000000.0,square
31,hmc,10000,5.0,1e-05,0.001,False,,,0.0,1.0,,,
31,hmc,10000,5.0,1e-05,0.0001,False,,,0.0,1.0,,,
31,hmc,10000,5.0,1e-05,1e-05,False,,,0.0,1.0,,,
31,hmc,10000,5.0,2.5e-05,0.01,True,0.3051352585461805,0.2192823721344334,1.0,0.0,1.2689973949785278,6000000000.0,square
31,hmc,10000,5.0,2.5e-05,0.001,False,,,0.0,1.0,,,
31,hmc,10000,5.0,2.5e-05,0.0001,False,,,0.0,1.0,,,
31,hmc,10000,5.0,2.5e-05,1e-05,False,,,0.0,1.0,,,
31,smc,2000,1.0,1e-05,0.01,True,0.20340390148971,0.04042274000959703,1.0,0.0,1.2689973949785278,4000000000.0,square
31,smc,2000,1.0,1e-05,0.001,False,,,0.0,1.0,,,
31,smc,2000,1.0,1e-05,0.0001,False,,,0.0,1.0,,,
31,smc,2000,1.0,1e-05,1e-05,False,,,0.0,1.0,,,
31,smc,2000,1.0,2.5e-05,0.01,True,0.203263055496211,0.03979692792730355,1.0,0.0,1.2689973949785278,4000000000.0,square
31,smc,2000,1.0,2.5e-05,0.001,False,,,0.0,1.0,,,
31,smc,2000,1.0,2.5e-05,0.0001,False,,,0.0,1.0,,,
31,smc,2000,1.0,2.5e-05,1e-05,False,,,0.0,1.0,,,
31,smc,2000,2.5,1e-05,0.01,True,0.20378778535072511,0.08016566793576935,0.9985,0.0015,1.2689973949785278,4000000000.0,square
31,smc,2000,2.5,1e-05,0.001,False,,,0.0,1.0,,,
31,smc,2000,2.5,1e-05,0.0001,False,,,0.0,1.0,,,
31,smc,2000,2.5,1e-05,1e-05,False,,,0.0,1.0,,,
31,smc,2000,2.5,2.5e-05,0.01,True,0.2023325638036212,0.08362198635311602,1.0,0.0,1.2689973949785278,4000000000.0,square
31,smc,2000,2.5,2.5e-05,0.001,False,,,0.0,1.0,,,
31,smc,2000,2.5,2.5e-05,0.0001,False,,,0.0,1.0,,,
31,smc,2000,2.5,2.5e-05,1e-05,False,,,0.0,1.0,,,
31,smc,2000,5.0,1e-05,0.01,True,0.3082302292087027,0.2229920758552643,1.0,0.0,1.2689973949785278,6000000000.0,square
31,smc,2000,5.0,1e-05,0.001,False,,,0.0,1.0,,,
31,smc,2000,5.0,1e-05,0.0001,False,,,0.0,1.0,,,
31,smc,2000,5.0,1e-05,1e-05,False,,,0.0,1.0,,,
31,smc,2000,5.0,2.5e-05,0.01,True,0.3049577434426438,0.21851991120685013,1.0,0.0,1.2689973949785278,6000000000.0,square
31,smc,2000,5.0,2.5e-05,0.001,False,,,0.0,1.0,,,
31,smc,2000,5.0,2.5e-05,0.0001,False,,,0.0,1.0,,,
31,smc,2000,5.0,2.5e-05,1e-05,False,,,0.0,1.0,,,
31,smc,5000,1.0,1e-05,0.01,True,0.20368701441167575,0.039767376765840856,1.0,0.0,1.2689973949785278,4000000000.0,square
31,smc,5000,1.0,1e-05,0.001,False,,,0.0,1.0,,,
31,smc,5000,1.0,1e-05,0.0001,False,,,0.0,1.0,,,
31,smc,5000,1.0,1e-05,1e-05,False,,,0.0,1.0,,,
31,smc,5000,1.0,2.5e-05,0.01,True,0.20363162312337674,0.04063589149125987,1.0,0.0,1.2689973949785278,4000000000.0,square
31,smc,5000,1.0,2.5e-05,0.001,False,,,0.0,1.0,,,
31,smc,5000,1.0,2.5e-05,0.0001,False,,,0.0,1.0,,,
31,smc,5000,1.0,2.5e-05,1e-05,False,,,0.0,1.0,,,
31,smc,5000,2.5,1e-05,0.01,True,0.2030543756909555,0.08023502251829806,0.9978,0.0022,1.2689973949785278,4000000000.0,square
31,smc,5000,2.5,1e-05,0.001,False,,,0.0,1.0,,,
31,smc,5000,2.5,1e-05,0.0001,False,,,0.0,1.0,,,
31,smc,5000,2.5,1e-05,1e-05,False,,,0.0,1.0,,,
31,smc,5000,2.5,2.5e-05,0.01,True,0.20416486113247628,0.07877932155616518,0.9982,0.0018,1.2689973949785278,4000000000.0,square
31,smc,5000,2.5,2.5e-05,0.001,False,,,0.0,1.0,,,
31,smc,5000,2.5,2.5e-05,0.0001,False,,,0.0,1.0,,,
31,smc,5000,2.5,2.5e-05,1e-05,False,,,0.0,1.0,,,
31,smc,5000,5.0,1e-05,0.01,True,0.30623950675241557,0.22359636189989737,1.0,0.0,1.2689973949785278,6000000000.0,square
31,smc,5000,5.0,1e-05,0.001,False,,,0.0,1.0,,,
31,smc,5000,5.0,1e-05,0.0001,False,,,0.0,1.0,,,
31,smc,5000,5.0,1e-05,1e-05,False,,,0.0,1.0,,,
31,smc,5000,5.0,2.5e-05,0.01,True,0.3058433473768855,0.22212749436207901,1.0,0.0,1.2689973949785278,6000000000.0,square
31,smc,5000,5.0,2.5e-05,0.001,False,,,0.0,1.0,,,
31,smc,5000,5.0,2.5e-05,0.0001,False,,,0.0,1.0,,,
31,smc,5000,5.0,2.5e-05,1e-05,False,,,0.0,1.0,,,
31,smc,10000,1.0,1e-05,0.01,True,0.2036481803001432,0.03988215788644864,1.0,0.0,1.2689973949785278,4000000000.0,square
31,smc,10000,1.0,1e-05,0.001,False,,,0.0,1.0,,,
31,smc,10000,1.0,1e-05,0.0001,False,,,0.0,1.0,,,
31,smc,10000,1.0,1e-05,1e-05,False,,,0.0,1.0,,,
31,smc,10000,1.0,2.5e-05,0.01,True,0.20371563949026433,0.04007372444369897,1.0,0.0,1.2689973949785278,4000000000.0,square
31,smc,10000,1.0,2.5e-05,0.001,False,,,0.0,1.0,,,
31,smc,10000,1.0,2.5e-05,0.0001,False,,,0.0,1.0,,,
31,smc,10000,1.0,2.5e-05,1e-05,False,,,0.0,1.0,,,
31,smc,10000,2.5,1e-05,0.01,True,0.20361491674898205,0.07951620503914239,0.9987,0.0013,1.2689973949785278,4000000000.0,square
31,smc,10000,2.5,1e-05,0.001,False,,,0.0,1.0,,,
31,smc,10000,2.5,1e-05,0.0001,False,,,0.0,1.0,,,
31,smc,10000,2.5,1e-05,1e-05,False,,,0.0,1.0,,,
31,smc,10000,2.5,2.5e-05,0.01,True,0.20348480008799358,0.07852750335099862,0.9989,0.0011,1.2689973949785278,4000000000.0,square
31,smc,10000,2.5,2.5e-05,0.001,False,,,0.0,1.0,,,
31,smc,10000,2.5,2.5e-05,0.0001,False,,,0.0,1.0,,,
31,smc,10000,2.5,2.5e-05,1e-05,False,,,0.0,1.0,,,
31,smc,10000,5.0,1e-05,0.01,True,0.30626823414502413,0.21962737007162378,0.9999,0.0001,1.2689973949785278,6000000000.0,square
31,smc,10000,5.0,1e-05,0.001,False,,,0.0,1.0,,,
31,smc,10000,5.0,1e-05,0.0001,False,,,0.0,1.0,,,
31,smc,10000,5.0,1e-05,1e-05,False,,,0.0,1.0,,,
31,smc,10000,5.0,2.5e-05,0.01,True,0.3051159313356848,0.21869128826795176,1.0,0.0,1.2689973949785278,6000000000.0,square
31,smc,10000,5.0,2.5e-05,0.001,False,,,0.0,1.0,,,
31,smc,10000,5.0,2.5e-05,0.0001,False,,,0.0,1.0,,,
31,smc,10000,5.0,2.5e-05,1e-05,False,,,0.0,1.0,,,
59,hmc,2000,1.0,1e-05,0.01,True,0.2035752147902053,0.0409963354334055,1.0,0.0,1.2689973949785278,4000000000.0,square
59,hmc,2000,1.0,1e-05,0.001,False,,,0.0,1.0,,,
59,hmc,2000,1.0,1e-05,0.0001,False,,,0.0,1.0,,,
59,hmc,2000,1.0,1e-05,1e-05,False,,,0.0,1.0,,,
59,hmc,2000,1.0,2.5e-05,0.01,True,0.20309338903611496,0.039862761310365175,1.0,0.0,1.2689973949785278,4000000000.0,square
59,hmc,2000,1.0,2.5e-05,0.001,False,,,0.0,1.0,,,
59,hmc,2000,1.0,2.5e-05,0.0001,False,,,0.0,1.0,,,
59,hmc,2000,1.0,2.5e-05,1e-05,False,,,0.0,1.0,,,
59,hmc,2000,2.5,1e-05,0.01,True,0.20414905536954564,0.07940959313460685,0.9985,0.0015,1.2689973949785278,4000000000.0,square
59,hmc,2000,2.5,1e-05,0.001,False,,,0.0,1.0,,,
59,hmc,2000,2.5,1e-05,0.0001,False,,,0.0,1.0,,,
59,hmc,2000,2.5,1e-05,1e-05,False,,,0.0,1.0,,,
59,hmc,2000,2.5,2.5e-05,0.01,True,0.20290435674919838,0.08073302274695265,0.9975,0.0025,1.2689973949785278,4000000000.0,square
59,hmc,2000,2.5,2.5e-05,0.001,False,,,0.0,1.0,,,
59,hmc,2000,2.5,2.5e-05,0.0001,False,,,0.0,1.0,,,
59,hmc,2000,2.5,2.5e-05,1e-05,False,,,0.0,1.0,,,
59,hmc,2000,5.0,1e-05,0.01,True,0.308481084926444,0.22112644044585347,1.0,0.0,1.2689973949785278,6000000000.0,square
59,hmc,2000,5.0,1e-05,0.001,False,,,0.0,1.0,,,
59,hmc,2000,5.0,1e-05,0.0001,False,,,0.0,1.0,,,
59,hmc,2000,5.0,1e-05,1e-05,False,,,0.0,1.0,,,
59,hmc,2000,5.0,2.5e-05,0.01,True,0.30635783942882977,0.22094156409998045,1.0,0.0,1.2689973949785278,6000000000.0,square
59,hmc,2000,5.0,2.5e-05,0.001,False,,,0.0,1.0,,,
59,hmc,2000,5.0,2.5e-05,0.0001,False,,,0.0,1.0,,,
59,hmc,2000,5.0,2.5e-05,1e-05,False,,,0.0,1.0,,,
59,hmc,5000,1.0,1e-05,0.01,True,0.20356561315120575,0.0405499946692858,1.0,0.0,1.2689973949785278,4000000000.0,square
59,hmc,5000,1.0,1e-05,0.001,False,,,0.0,1.0,,,
59,hmc,5000,1.0,1e-05,0.0001,False,,,0.0,1.0,,,
59,hmc,5000,1.0,1e-05,1e-05,False,,,0.0,1.0,,,
59,hmc,5000,1.0,2.5e-05,0.01,True,0.20326317844491365,0.040754982386064925,1.0,0.0,1.2689973949785278,4000000000.0,square
59,hmc,5000,1.0,2.5e-05,0.001,False,,,0.0,1.0,,,
59,hmc,5000,1.0,2.5e-05,0.0001,False,,,0.0,1.0,,,
59,hmc,5000,1.0,2.5e-05,1e-05,False,,,0.0,1.0,,,
59,hmc,5000,2.5,1e-05,0.01,True,0.20388983656728274,0.08037646437129403,0.9988,0.0012,1.2689973949785278,4000000000.0,square
59,hmc,5000,2.5,1e-05,0.001,False,,,0.0,1.0,,,
59,hmc,5000,2.5,1e-05,0.0001,False,,,0.0,1.0,,,
59,hmc,5000,2.5,1e-05,1e-05,False,,,0.0,1.0,,,
59,hmc,5000,2.5,2.5e-05,0.01,True,0.2037390991993471,0.08031208816241264,0.9986,0.0014,1.2689973949785278,4000000000.0,square
59,hmc,5000,2.5,2.5e-05,0.001,False,,,0.0,1.0,,,
59,hmc,5000,2.5,2.5e-05,0.0001,False,,,0.0,1.0,,,
59,hmc,5000,2.5,2.5e-05,1e-05,False,,,0.0,1.0,,,
59,hmc,5000,5.0,1e-05,0.01,True,0.3036349202960995,0.2199988594110818,1.0,0.0,1.2689973949785278,6000000000.0,square
59,hmc,5000,5.0,1e-05,0.001,False,,,0.0,1.0,,,
59,hmc,5000,5.0,1e-05,0.0001,False,,,0.0,1.0,,,
59,hmc,5000,5.0,1e-05,1e-05,False,,,0.0,1.0,,,
59,hmc,5000,5.0,2.5e-05,0.01,True,0.3073523593685086,0.2180927088755003,0.9998,0.0002,1.2689973949785278,6000000000.0,square
59,hmc,5000,5.0,2.5e-05,0.001,False,,,0.0,1.0,,,
59,hmc,5000,5.0,2.5e-05,0.0001,False,,,0.0,1.0,,,
59,hmc,5000,5.0,2.5e-05,1e-05,False,,,0.0,1.0,,,
59,hmc,10000,1.0,1e-05,0.01,True,0.20353323089728298,0.04032524100869869,1.0,0.0,1.2689973949785278,4000000000.0,square
59,hmc,10000,1.0,1e-05,0.001,False,,,0.0,1.0,,,
59,hmc,10000,1.0,1e-05,0.0001,False,,,0.0,1.0,,,
59,hmc,10000,1.0,1e-05,1e-05,False,,,0.0,1.0,,,
59,hmc,10000,1.0,2.5e-05,0.01,True,0.20375458072827646,0.040628940108170364,1.0,0.0,1.2689973949785278,4000000000.0,square
59,hmc,10000,1.0,2.5e-05,0.001,False,,,0.0,1.0,,,
59,hmc,10000,1.0,2.5e-05,0.0001,False,,,0.0,1.0,,,
59,hmc,10000,1.0,2.5e-05,1e-05,False,,,0.0,1.0,,,
59,hmc,10000,2.5,1e-05,0.01,True,0.20439546904967165,0.07983930180887569,0.9989,0.0011,1.2689973949785278,4000000000.0,square
59,hmc,10000,2.5,1e-05,0.001,False,,,0.0,1.0,,,
59,hmc,10000,2.5,1e-05,0.0001,False,,,0.0,1.0,,,
59,hmc,10000,2.5,1e-05,1e-05,False,,,0.0,1.0,,,
59,hmc,10000,2.5,2.5e-05,0.01,True,0.20313260083401077,0.08026573396287473,0.9986,0.0014,1.2689973949785278,4000000000.0,square
59,hmc,10000,2.5,2.5e-05,0.001,False,,,0.0,1.0,,,
59,hmc,10000,2.5,2.5e-05,0.0001,False,,,0.0,1.0,,,
59,hmc,10000,2.5,2.5e-05,1e-05,False,,,0.0,1.0,,,
59,hmc,10000,5.0,1e-05,0.01,True,0.3053669560350296,0.22072821424140895,0.9999,0.0001,1.2689973949785278,6000000000.0,square
59,hmc,10000,5.0,1e-05,0.001,False,,,0.0,1.0,,,
59,hmc,10000,5.0,1e-05,0.0001,False,,,0.0,1.0,,,
59,hmc,10000,5.0,1e-05,1e-05,False,,,0.0,1.0,,,
59,hmc,10000,5.0,2.5e-05,0.01,True,0.30427426812518393,0.2169248338344973,1.0,0.0,1.2689973949785278,6000000000.0,square
59,hmc,10000,5.0,2.5e-05,0.001,False,,,0.0,1.0,,,
59,hmc,10000,5.0,2.5e-05,0.0001,False,,,0.0,1.0,,,
59,hmc,10000,5.0,2.5e-05,1e-05,False,,,0.0,1.0,,,
59,smc,2000,1.0,1e-05,0.01,True,0.20429034006906077,0.0391685991454882,1.0,0.0,1.2689973949785278,4000000000.0,square
59,smc,2000,1.0,1e-05,0.001,False,,,0.0,1.0,,,
59,smc,2000,1.0,1e-05,0.0001,False,,,0.0,1.0,,,
59,smc,2000,1.0,1e-05,1e-05,False,,,0.0,1.0,,,
59,smc,2000,1.0,2.5e-05,0.01,True,0.2037270116896231,0.04091016926436794,1.0,0.0,1.2689973949785278,4000000000.0,square
59,smc,2000,1.0,2.5e-05,0.001,False,,,0.0,1.0,,,
59,smc,2000,1.0,2.5e-05,0.0001,False,,,0.0,1.0,,,
59,smc,2000,1.0,2.5e-05,1e-05,False,,,0.0,1.0,,,
59,smc,2000,2.5,1e-05,0.01,True,0.20290600890169636,0.0803219006411415,1.0,0.0,1.2689973949785278,4000000000.0,square
59,smc,2000,2.5,1e-05,0.001,False,,,0.0,1.0,,,
59,smc,2000,2.5,1e-05,0.0001,False,,,0.0,1.0,,,
59,smc,2000,2.5,1e-05,1e-05,False,,,0.0,1.0,,,
59,smc,2000,2.5,2.5e-05,0.01,True,0.20375305706236746,0.08163808831263067,0.9995,0.0005,1.2689973949785278,4000000000.0,square
59,smc,2000,2.5,2.5e-05,0.001,False,,,0.0,1.0,,,
59,smc,2000,2.5,2.5e-05,0.0001,False,,,0.0,1.0,,,
59,smc,2000,2.5,2.5e-05,1e-05,False,,,0.0,1.0,,,
59,smc,2000,5.0,1e-05,0.01,True,0.3064713757031535,0.22107408602265238,1.0,0.0,1.2689973949785278,6000000000.0,square
59,smc,2000,5.0,1e-05,0.001,False,,,0.0,1.0,,,
59,smc,2000,5.0,1e-05,0.0001,False,,,0.0,1.0,,,
59,smc,2000,5.0,1e-05,1e-05,False,,,0.0,1.0,,,
59,smc,2000,5.0,2.5e-05,0.01,True,0.30628713632547444,0.2191837573310335,1.0,0.0,1.2689973949785278,6000000000.0,square
59,smc,2000,5.0,2.5e-05,0.001,False,,,0.0,1.0,,,
59,smc,2000,5.0,2.5e-05,0.0001,False,,,0.0,1.0,,,
59,smc,2000,5.0,2.5e-05,1e-05,False,,,0.0,1.0,,,
59,smc,5000,1.0,1e-05,0.01,True,0.20378855959926778,0.04029413582072269,1.0,0.0,1.2689973949785278,4000000000.0,square
59,smc,5000,1.0,1e-05,0.001,False,,,0.0,1.0,,,
59,smc,5000,1.0,1e-05,0.0001,False,,,0.0,1.0,,,
59,smc,5000,1.0,1e-05,1e-05,False,,,0.0,1.0,,,
59,smc,5000,1.0,2.5e-05,0.01,True,0.20307100870482983,0.039936539263082244,1.0,0.0,1.2689973949785278,4000000000.0,square
59,smc,5000,1.0,2.5e-05,0.001,False,,,0.0,1.0,,,
59,smc,5000,1.0,2.5e-05,0.0001,False,,,0.0,1.0,,,
59,smc,5000,1.0,2.5e-05,1e-05,False,,,0.0,1.0,,,
59,smc,5000,2.5,1e-05,0.01,True,0.20384097297111128,0.08049965456961464,0.9988,0.0012,1.2689973949785278,4000000000.0,square
59,smc,5000,2.5,1e-05,0.001,False,,,0.0,1.0,,,
59,smc,5000,2.5,1e-05,0.0001,False,,,0.0,1.0,,,
59,smc,5000,2.5,1e-05,1e-05,False,,,0.0,1.0,,,
59,smc,5000,2.5,2.5e-05,0.01,True,0.203390501257331,0.07998510425813335,0.9994,0.0006,1.2689973949785278,4000000000.0,square
59,smc,5000,2.5,2.5e-05,0.001,False,,,0.0,1.0,,,
59,smc,5000,2.5,2.5e-05,0.0001,False,,,0.0,1.0,,,
59,smc,5000,2.5,2.5e-05,1e-05,False,,,0.0,1.0,,,
59,smc,5000,5.0,1e-05,0.01,True,0.30557067806543514,0.21558582965293918,1.0,0.0,1.2689973949785278,6000000000.0,square
59,smc,5000,5.0,1e-05,0.001,False,,,0.0,1.0,,,
59,smc,5000,5.0,1e-05,0.0001,False,,,0.0,1.0,,,
59,smc,5000,5.0,1e-05,1e-05,False,,,0.0,1.0,,,
59,smc,5000,5.0,2.5e-05,0.01,True,0.30276698860836787,0.22009695924698863,1.0,0.0,1.2689973949785278,6000000000.0,square
59,smc,5000,5.0,2.5e-05,0.001,False,,,0.0,1.0,,,
59,smc,5000,5.0,2.5e-05,0.0001,False,,,0.0,1.0,,,
59,smc,5000,5.0,2.5e-05,1e-05,False,,,0.0,1.0,,,
59,smc,10000,1.0,1e-05,0.01,True,0.20353374532181367,0.04040945465383769,1.0,0.0,1.2689973949785278,4000000000.0,square
59,smc,10000,1.0,1e-05,0.001,False,,,0.0,1.0,,,
59,smc,10000,1.0,1e-05,0.0001,False,,,0.0,1.0,,,
59,smc,10000,1.0,1e-05,1e-05,False,,,0.0,1.0,,,
59,smc,10000,1.0,2.5e-05,0.01,True,0.20359921228740918,0.040338021333754887,1.0,0.0,1.2689973949785278,4000000000.0,square
59,smc,10000,1.0,2.5e-05,0.001,False,,,0.0,1.0,,,
59,smc,10000,1.0,2.5e-05,0.0001,False,,,0.0,1.0,,,
59,smc,10000,1.0,2.5e-05,1e-05,False,,,0.0,1.0,,,
59,smc,10000,2.5,1e-05,0.01,True,0.20382162548317434,0.07969101848961405,0.9985,0.0015,1.2689973949785278,4000000000.0,square
59,smc,10000,2.5,1e-05,0.001,False,,,0.0,1.0,,,
59,smc,10000,2.5,1e-05,0.0001,False,,,0.0,1.0,,,
59,smc,10000,2.5,1e-05,1e-05,False,,,0.0,1.0,,,
59,smc,10000,2.5,2.5e-05,0.01,True,0.20343372358545975,0.08028284999705179,0.9984,0.0016,1.2689973949785278,4000000000.0,square
59,smc,10000,2.5,2.5e-05,0.001,False,,,0.0,1.0,,,
59,smc,10000,2.5,2.5e-05,0.0001,False,,,0.0,1.0,,,
59,smc,10000,2.5,2.5e-05,1e-05,False,,,0.0,1.0,,,
59,smc,10000,5.0,1e-05,0.01,True,0.3057014317731488,0.22014833604639109,1.0,0.0,1.2689973949785278,6000000000.0,square
59,smc,10000,5.0,1e-05,0.001,False,,,0.0,1.0,,,
59,smc,10000,5.0,1e-05,0.0001,False,,,0.0,1.0,,,
59,smc,10000,5.0,1e-05,1e-05,False,,,0.0,1.0,,,
59,smc,10000,5.0,2.5e-05,0.01,True,0.30480770626765985,0.21807105787548564,0.9999,0.0001,1.2689973949785278,6000000000.0,square
59,smc,10000,5.0,2.5e-05,0.001,False,,,0.0,1.0,,,
59,smc,10000,5.0,2.5e-05,0.0001,False,,,0.0,1.0,,,
59,smc,10000,5.0,2.5e-05,1e-05,False,,,0.0,1.0,,,
97,hmc,2000,1.0,1e-05,0.01,True,0.20350964662226131,0.04142514879589826,1.0,0.0,1.2689973949785278,4000000000.0,square
97,hmc,2000,1.0,1e-05,0.001,False,,,0.0,1.0,,,
97,hmc,2000,1.0,1e-05,0.0001,False,,,0.0,1.0,,,
97,hmc,2000,1.0,1e-05,1e-05,False,,,0.0,1.0,,,
97,hmc,2000,1.0,2.5e-05,0.01,True,0.20323025039730136,0.040725616495006306,1.0,0.0,1.2689973949785278,4000000000.0,square
97,hmc,2000,1.0,2.5e-05,0.001,False,,,0.0,1.0,,,
97,hmc,2000,1.0,2.5e-05,0.0001,False,,,0.0,1.0,,,
97,hmc,2000,1.0,2.5e-05,1e-05,False,,,0.0,1.0,,,
97,hmc,2000,2.5,1e-05,0.01,True,0.20374011397772906,0.0821844030708796,0.9985,0.0015,1.2689973949785278,4000000000.0,square
97,hmc,2000,2.5,1e-05,0.001,False,,,0.0,1.0,,,
97,hmc,2000,2.5,1e-05,0.0001,False,,,0.0,1.0,,,
97,hmc,2000,2.5,1e-05,1e-05,False,,,0.0,1.0,,,
97,hmc,2000,2.5,2.5e-05,0.01,True,0.20451664375347364,0.07965352224240452,0.999,0.001,1.2689973949785278,4000000000.0,square
97,hmc,2000,2.5,2.5e-05,0.001,False,,,0.0,1.0,,,
97,hmc,2000,2.5,2.5e-05,0.0001,False,,,0.0,1.0,,,
97,hmc,2000,2.5,2.5e-05,1e-05,False,,,0.0,1.0,,,
97,hmc,2000,5.0,1e-05,0.01,True,0.3029836995242594,0.21990732937477697,1.0,0.0,1.2689973949785278,6000000000.0,square
97,hmc,2000,5.0,1e-05,0.001,False,,,0.0,1.0,,,
97,hmc,2000,5.0,1e-05,0.0001,False,,,0.0,1.0,,,
97,hmc,2000,5.0,1e-05,1e-05,False,,,0.0,1.0,,,
97,hmc,2000,5.0,2.5e-05,0.01,True,0.3062303378353505,0.2203113603740735,1.0,0.0,1.2689973949785278,6000000000.0,square
97,hmc,2000,5.0,2.5e-05,0.001,False,,,0.0,1.0,,,
97,hmc,2000,5.0,2.5e-05,0.0001,False,,,0.0,1.0,,,
97,hmc,2000,5.0,2.5e-05,1e-05,False,,,0.0,1.0,,,
97,hmc,5000,1.0,1e-05,0.01,True,0.2033876649168278,0.03996942232727599,1.0,0.0,1.2689973949785278,4000000000.0,square
97,hmc,5000,1.0,1e-05,0.001,False,,,0.0,1.0,,,
97,hmc,5000,1.0,1e-05,0.0001,False,,,0.0,1.0,,,
97,hmc,5000,1.0,1e-05,1e-05,False,,,0.0,1.0,,,
97,hmc,5000,1.0,2.5e-05,0.01,True,0.20367443771136567,0.04146955149460829,1.0,0.0,1.2689973949785278,4000000000.0,square
97,hmc,5000,1.0,2.5e-05,0.001,False,,,0.0,1.0,,,
97,hmc,5000,1.0,2.5e-05,0.0001,False,,,0.0,1.0,,,
97,hmc,5000,1.0,2.5e-05,1e-05,False,,,0.0,1.0,,,
97,hmc,5000,2.5,1e-05,0.01,True,0.20496759167466116,0.08096273267827656,0.9972,0.0028,1.2689973949785278,4000000000.0,square
97,hmc,5000,2.5,1e-05,0.001,False,,,0.0,1.0,,,
97,hmc,5000,2.5,1e-05,0.0001,False,,,0.0,1.0,,,
97,hmc,5000,2.5,1e-05,1e-05,False,,,0.0,1.0,,,
97,hmc,5000,2.5,2.5e-05,0.01,True,0.20437999363082077,0.07793130002541063,0.9988,0.0012,1.2689973949785278,4000000000.0,square
97,hmc,5000,2.5,2.5e-05,0.001,False,,,0.0,1.0,,,
97,hmc,5000,2.5,2.5e-05,0.0001,False,,,0.0,1.0,,,
97,hmc,5000,2.5,2.5e-05,1e-05,False,,,0.0,1.0,,,
97,hmc,5000,5.0,1e-05,0.01,True,0.3041007114024,0.22795056156318194,1.0,0.0,1.2689973949785278,6000000000.0,square
97,hmc,5000,5.0,1e-05,0.001,False,,,0.0,1.0,,,
97,hmc,5000,5.0,1e-05,0.0001,False,,,0.0,1.0,,,
97,hmc,5000,5.0,1e-05,1e-05,False,,,0.0,1.0,,,
97,hmc,5000,5.0,2.5e-05,0.01,True,0.30710446208914155,0.22354829684750238,1.0,0.0,1.2689973949785278,6000000000.0,square
97,hmc,5000,5.0,2.5e-05,0.001,False,,,0.0,1.0,,,
97,hmc,5000,5.0,2.5e-05,0.0001,False,,,0.0,1.0,,,
97,hmc,5000,5.0,2.5e-05,1e-05,False,,,0.0,1.0,,,
97,hmc,10000,1.0,1e-05,0.01,True,0.20351540002394364,0.03948140402987452,1.0,0.0,1.2689973949785278,4000000000.0,square
97,hmc,10000,1.0,1e-05,0.001,False,,,0.0,1.0,,,
97,hmc,10000,1.0,1e-05,0.0001,False,,,0.0,1.0,,,
97,hmc,10000,1.0,1e-05,1e-05,False,,,0.0,1.0,,,
97,hmc,10000,1.0,2.5e-05,0.01,True,0.20353977163652293,0.03989920484324341,1.0,0.0,1.2689973949785278,4000000000.0,square
97,hmc,10000,1.0,2.5e-05,0.001,False,,,0.0,1.0,,,
97,hmc,10000,1.0,2.5e-05,0.0001,False,,,0.0,1.0,,,
97,hmc,10000,1.0,2.5e-05,1e-05,False,,,0.0,1.0,,,
97,hmc,10000,2.5,1e-05,0.01,True,0.20351091875138155,0.08092504484226226,0.9993,0.0007,1.2689973949785278,4000000000.0,square
97,hmc,10000,2.5,1e-05,0.001,False,,,0.0,1.0,,,
97,hmc,10000,2.5,1e-05,0.0001,False,,,0.0,1.0,,,
97,hmc,10000,2.5,1e-05,1e-05,False,,,0.0,1.0,,,
97,hmc,10000,2.5,2.5e-05,0.01,True,0.20408456596465077,0.08061466212641127,0.9984,0.0016,1.2689973949785278,4000000000.0,square
97,hmc,10000,2.5,2.5e-05,0.001,False,,,0.0,1.0,,,
97,hmc,10000,2.5,2.5e-05,0.0001,False,,,0.0,1.0,,,
97,hmc,10000,2.5,2.5e-05,1e-05,False,,,0.0,1.0,,,
97,hmc,10000,5.0,1e-05,0.01,True,0.3051604687812782,0.21902678036357107,1.0,0.0,1.2689973949785278,6000000000.0,square
97,hmc,10000,5.0,1e-05,0.001,False,,,0.0,1.0,,,
97,hmc,10000,5.0,1e-05,0.0001,False,,,0.0,1.0,,,
97,hmc,10000,5.0,1e-05,1e-05,False,,,0.0,1.0,,,
97,hmc,10000,5.0,2.5e-05,0.01,True,0.3073189036321752,0.2204070454892128,1.0,0.0,1.2689973949785278,6000000000.0,square
97,hmc,10000,5.0,2.5e-05,0.001,False,,,0.0,1.0,,,
97,hmc,10000,5.0,2.5e-05,0.0001,False,,,0.0,1.0,,,
97,hmc,10000,5.0,2.5e-05,1e-05,False,,,0.0,1.0,,,
97,smc,2000,1.0,1e-05,0.01,True,0.20354680653695156,0.039930553238093996,1.0,0.0,1.2689973949785278,4000000000.0,square
97,smc,2000,1.0,1e-05,0.001,False,,,0.0,1.0,,,
97,smc,2000,1.0,1e-05,0.0001,False,,,0.0,1.0,,,
97,smc,2000,1.0,1e-05,1e-05,False,,,0.0,1.0,,,
97,smc,2000,1.0,2.5e-05,0.01,True,0.20319975894966474,0.03984428055427902,1.0,0.0,1.2689973949785278,4000000000.0,square
97,smc,2000,1.0,2.5e-05,0.001,False,,,0.0,1.0,,,
97,smc,2000,1.0,2.5e-05,0.0001,False,,,0.0,1.0,,,
97,smc,2000,1.0,2.5e-05,1e-05,False,,,0.0,1.0,,,
97,smc,2000,2.5,1e-05,0.01,True,0.20346834143542514,0.08054274330902281,0.999,0.001,1.2689973949785278,4000000000.0,square
97,smc,2000,2.5,1e-05,0.001,False,,,0.0,1.0,,,
97,smc,2000,2.5,1e-05,0.0001,False,,,0.0,1.0,,,
97,smc,2000,2.5,1e-05,1e-05,False,,,0.0,1.0,,,
97,smc,2000,2.5,2.5e-05,0.01,True,0.20345446049092147,0.07893950379621115,0.999,0.001,1.2689973949785278,4000000000.0,square
97,smc,2000,2.5,2.5e-05,0.001,False,,,0.0,1.0,,,
97,smc,2000,2.5,2.5e-05,0.0001,False,,,0.0,1.0,,,
97,smc,2000,2.5,2.5e-05,1e-05,False,,,0.0,1.0,,,
97,smc,2000,5.0,1e-05,0.01,True,0.30423873226501774,0.21120098972466436,1.0,0.0,1.2689973949785278,6000000000.0,square
97,smc,2000,5.0,1e-05,0.001,False,,,0.0,1.0,,,
97,smc,2000,5.0,1e-05,0.0001,False,,,0.0,1.0,,,
97,smc,2000,5.0,1e-05,1e-05,False,,,0.0,1.0,,,
97,smc,2000,5.0,2.5e-05,0.01,True,0.3065918617638205,0.22384715744564213,1.0,0.0,1.2689973949785278,6000000000.0,square
97,smc,2000,5.0,2.5e-05,0.001,False,,,0.0,1.0,,,
97,smc,2000,5.0,2.5e-05,0.0001,False,,,0.0,1.0,,,
97,smc,2000,5.0,2.5e-05,1e-05,False,,,0.0,1.0,,,
97,smc,5000,1.0,1e-05,0.01,True,0.2037846296394275,0.039545789458863834,1.0,0.0,1.2689973949785278,4000000000.0,square
97,smc,5000,1.0,1e-05,0.001,False,,,0.0,1.0,,,
97,smc,5000,1.0,1e-05,0.0001,False,,,0.0,1.0,,,
97,smc,5000,1.0,1e-05,1e-05,False,,,0.0,1.0,,,
97,smc,5000,1.0,2.5e-05,0.01,True,0.20313913746764617,0.04065670066911434,1.0,0.0,1.2689973949785278,4000000000.0,square
97,smc,5000,1.0,2.5e-05,0.001,False,,,0.0,1.0,,,
97,smc,5000,1.0,2.5e-05,0.0001,False,,,0.0,1.0,,,
97,smc,5000,1.0,2.5e-05,1e-05,False,,,0.0,1.0,,,
97,smc,5000,2.5,1e-05,0.01,True,0.20352466908717468,0.0794514125188088,0.9996,0.0004,1.2689973949785278,4000000000.0,square
97,smc,5000,2.5,1e-05,0.001,False,,,0.0,1.0,,,
97,smc,5000,2.5,1e-05,0.0001,False,,,0.0,1.0,,,
97,smc,5000,2.5,1e-05,1e-05,False,,,0.0,1.0,,,
97,smc,5000,2.5,2.5e-05,0.01,True,0.20303486908374535,0.07972082343166731,0.9982,0.0018,1.2689973949785278,4000000000.0,square
97,smc,5000,2.5,2.5e-05,0.001,False,,,0.0,1.0,,,
97,smc,5000,2.5,2.5e-05,0.0001,False,,,0.0,1.0,,,
97,smc,5000,2.5,2.5e-05,1e-05,False,,,0.0,1.0,,,
97,smc,5000,5.0,1e-05,0.01,True,0.3046116235708574,0.22007205442924235,1.0,0.0,1.2689973949785278,6000000000.0,square
97,smc,5000,5.0,1e-05,0.001,False,,,0.0,1.0,,,
97,smc,5000,5.0,1e-05,0.0001,False,,,0.0,1.0,,,
97,smc,5000,5.0,1e-05,1e-05,False,,,0.0,1.0,,,
97,smc,5000,5.0,2.5e-05,0.01,True,0.305820633311061,0.22267221802772078,1.0,0.0,1.2689973949785278,6000000000.0,square
97,smc,5000,5.0,2.5e-05,0.001,False,,,0.0,1.0,,,
97,smc,5000,5.0,2.5e-05,0.0001,False,,,0.0,1.0,,,
97,smc,5000,5.0,2.5e-05,1e-05,False,,,0.0,1.0,,,
97,smc,10000,1.0,1e-05,0.01,True,0.2034496616624552,0.0399988959121437,1.0,0.0,1.2689973949785278,4000000000.0,square
97,smc,10000,1.0,1e-05,0.001,False,,,0.0,1.0,,,
97,smc,10000,1.0,1e-05,0.0001,False,,,0.0,1.0,,,
97,smc,10000,1.0,1e-05,1e-05,False,,,0.0,1.0,,,
97,smc,10000,1.0,2.5e-05,0.01,True,0.20387118660907372,0.04024740668056184,1.0,0.0,1.2689973949785278,4000000000.0,square
97,smc,10000,1.0,2.5e-05,0.001,False,,,0.0,1.0,,,
97,smc,10000,1.0,2.5e-05,0.0001,False,,,0.0,1.0,,,
97,smc,10000,1.0,2.5e-05,1e-05,False,,,0.0,1.0,,,
97,smc,10000,2.5,1e-05,0.01,True,0.2036300553598908,0.08043094720201283,0.9988,0.0012,1.2689973949785278,4000000000.0,square
97,smc,10000,2.5,1e-05,0.001,False,,,0.0,1.0,,,
97,smc,10000,2.5,1e-05,0.0001,False,,,0.0,1.0,,,
97,smc,10000,2.5,1e-05,1e-05,False,,,0.0,1.0,,,
97,smc,10000,2.5,2.5e-05,0.01,True,0.20339317318547007,0.08058227017779498,0.9986,0.0014,1.2689973949785278,4000000000.0,square
97,smc,10000,2.5,2.5e-05,0.001,False,,,0.0,1.0,,,
97,smc,10000,2.5,2.5e-05,0.0001,False,,,0.0,1.0,,,
97,smc,10000,2.5,2.5e-05,1e-05,False,,,0.0,1.0,,,
97,smc,10000,5.0,1e-05,0.01,True,0.3046679291267026,0.2173246248333922,1.0,0.0,1.2689973949785278,6000000000.0,square
97,smc,10000,5.0,1e-05,0.001,False,,,0.0,1.0,,,
97,smc,10000,5.0,1e-05,0.0001,False,,,0.0,1.0,,,
97,smc,10000,5.0,1e-05,1e-05,False,,,0.0,1.0,,,
97,smc,10000,5.0,2.5e-05,0.01,True,0.30692705580531643,0.22026176293895522,1.0,0.0,1.2689973949785278,6000000000.0,square
97,smc,10000,5.0,2.5e-05,0.001,False,,,0.0,1.0,,,
97,smc,10000,5.0,2.5e-05,0.0001,False,,,0.0,1.0,,,
97,smc,10000,5.0,2.5e-05,1e-05,False,,,0.0,1.0,,,
149,hmc,2000,1.0,1e-05,0.01,True,0.20384595044610243,0.03923272276701578,1.0,0.0,1.2689973949785278,4000000000.0,square
149,hmc,2000,1.0,1e-05,0.001,False,,,0.0,1.0,,,
149,hmc,2000,1.0,1e-05,0.0001,False,,,0.0,1.0,,,
149,hmc,2000,1.0,1e-05,1e-05,False,,,0.0,1.0,,,
149,hmc,2000,1.0,2.5e-05,0.01,True,0.20350487411641188,0.039878657038026705,1.0,0.0,1.2689973949785278,4000000000.0,square
149,hmc,2000,1.0,2.5e-05,0.001,False,,,0.0,1.0,,,
149,hmc,2000,1.0,2.5e-05,0.0001,False,,,0.0,1.0,,,
149,hmc,2000,1.0,2.5e-05,1e-05,False,,,0.0,1.0,,,
149,hmc,2000,2.5,1e-05,0.01,True,0.20282696523205118,0.07887424721888797,0.9995,0.0005,1.2689973949785278,4000000000.0,square
149,hmc,2000,2.5,1e-05,0.001,False,,,0.0,1.0,,,
149,hmc,2000,2.5,1e-05,0.0001,False,,,0.0,1.0,,,
149,hmc,2000,2.5,1e-05,1e-05,False,,,0.0,1.0,,,
149,hmc,2000,2.5,2.5e-05,0.01,True,0.20362787464765653,0.07999753423845707,0.9995,0.0005,1.2689973949785278,4000000000.0,square
149,hmc,2000,2.5,2.5e-05,0.001,False,,,0.0,1.0,,,
149,hmc,2000,2.5,2.5e-05,0.0001,False,,,0.0,1.0,,,
149,hmc,2000,2.5,2.5e-05,1e-05,False,,,0.0,1.0,,,
149,hmc,2000,5.0,1e-05,0.01,True,0.3055790757543507,0.22357685783551812,1.0,0.0,1.2689973949785278,6000000000.0,square
149,hmc,2000,5.0,1e-05,0.001,False,,,0.0,1.0,,,
149,hmc,2000,5.0,1e-05,0.0001,False,,,0.0,1.0,,,
149,hmc,2000,5.0,1e-05,1e-05,False,,,0.0,1.0,,,
149,hmc,2000,5.0,2.5e-05,0.01,True,0.3056208712893495,0.22669262551117889,1.0,0.0,1.2689973949785278,6000000000.0,square
149,hmc,2000,5.0,2.5e-05,0.001,False,,,0.0,1.0,,,
149,hmc,2000,5.0,2.5e-05,0.0001,False,,,0.0,1.0,,,
149,hmc,2000,5.0,2.5e-05,1e-05,False,,,0.0,1.0,,,
149,hmc,5000,1.0,1e-05,0.01,True,0.20374590300792672,0.04003400127386533,1.0,0.0,1.2689973949785278,4000000000.0,square
149,hmc,5000,1.0,1e-05,0.001,False,,,0.0,1.0,,,
149,hmc,5000,1.0,1e-05,0.0001,False,,,0.0,1.0,,,
149,hmc,5000,1.0,1e-05,1e-05,False,,,0.0,1.0,,,
149,hmc,5000,1.0,2.5e-05,0.01,True,0.20401182512713303,0.04081196014828814,1.0,0.0,1.2689973949785278,4000000000.0,square
149,hmc,5000,1.0,2.5e-05,0.001,False,,,0.0,1.0,,,
149,hmc,5000,1.0,2.5e-05,0.0001,False,,,0.0,1.0,,,
149,hmc,5000,1.0,2.5e-05,1e-05,False,,,0.0,1.0,,,
149,hmc,5000,2.5,1e-05,0.01,True,0.2035138654813881,0.07915967141334018,0.9986,0.0014,1.2689973949785278,4000000000.0,square
149,hmc,5000,2.5,1e-05,0.001,False,,,0.0,1.0,,,
149,hmc,5000,2.5,1e-05,0.0001,False,,,0.0,1.0,,,
149,hmc,5000,2.5,1e-05,1e-05,False,,,0.0,1.0,,,
149,hmc,5000,2.5,2.5e-05,0.01,True,0.20339740200386935,0.07918823506809194,0.9986,0.0014,1.2689973949785278,4000000000.0,square
149,hmc,5000,2.5,2.5e-05,0.001,False,,,0.0,1.0,,,
149,hmc,5000,2.5,2.5e-05,0.0001,False,,,0.0,1.0,,,
149,hmc,5000,2.5,2.5e-05,1e-05,False,,,0.0,1.0,,,
149,hmc,5000,5.0,1e-05,0.01,True,0.3059078531650986,0.22116821397816566,1.0,0.0,1.2689973949785278,6000000000.0,square
149,hmc,5000,5.0,1e-05,0.001,False,,,0.0,1.0,,,
149,hmc,5000,5.0,1e-05,0.0001,False,,,0.0,1.0,,,
149,hmc,5000,5.0,1e-05,1e-05,False,,,0.0,1.0,,,
149,hmc,5000,5.0,2.5e-05,0.01,True,0.30460938443732183,0.22145368702561896,1.0,0.0,1.2689973949785278,6000000000.0,square
149,hmc,5000,5.0,2.5e-05,0.001,False,,,0.0,1.0,,,
149,hmc,5000,5.0,2.5e-05,0.0001,False,,,0.0,1.0,,,
149,hmc,5000,5.0,2.5e-05,1e-05,False,,,0.0,1.0,,,
149,hmc,10000,1.0,1e-05,0.01,True,0.2035986075323682,0.04005921753616645,1.0,0.0,1.2689973949785278,4000000000.0,square
149,hmc,10000,1.0,1e-05,0.001,False,,,0.0,1.0,,,
149,hmc,10000,1.0,1e-05,0.0001,False,,,0.0,1.0,,,
149,hmc,10000,1.0,1e-05,1e-05,False,,,0.0,1.0,,,
149,hmc,10000,1.0,2.5e-05,0.01,True,0.2036618930477128,0.04017175733302855,1.0,0.0,1.2689973949785278,4000000000.0,square
149,hmc,10000,1.0,2.5e-05,0.001,False,,,0.0,1.0,,,
149,hmc,10000,1.0,2.5e-05,0.0001,False,,,0.0,1.0,,,
149,hmc,10000,1.0,2.5e-05,1e-05,False,,,0.0,1.0,,,
149,hmc,10000,2.5,1e-05,0.01,True,0.20319235168427563,0.08051443014801701,0.9991,0.0009,1.2689973949785278,4000000000.0,square
149,hmc,10000,2.5,1e-05,0.001,False,,,0.0,1.0,,,
149,hmc,10000,2.5,1e-05,0.0001,False,,,0.0,1.0,,,
149,hmc,10000,2.5,1e-05,1e-05,False,,,0.0,1.0,,,
149,hmc,10000,2.5,2.5e-05,0.01,True,0.2038350376657035,0.08072414561697655,0.9986,0.0014,1.2689973949785278,4000000000.0,square
149,hmc,10000,2.5,2.5e-05,0.001,False,,,0.0,1.0,,,
149,hmc,10000,2.5,2.5e-05,0.0001,False,,,0.0,1.0,,,
149,hmc,10000,2.5,2.5e-05,1e-05,False,,,0.0,1.0,,,
149,hmc,10000,5.0,1e-05,0.01,True,0.305251444659399,0.22043416161171536,0.9998,0.0002,1.2689973949785278,6000000000.0,square
149,hmc,10000,5.0,1e-05,0.001,False,,,0.0,1.0,,,
149,hmc,10000,5.0,1e-05,0.0001,False,,,0.0,1.0,,,
149,hmc,10000,5.0,1e-05,1e-05,False,,,0.0,1.0,,,
149,hmc,10000,5.0,2.5e-05,0.01,True,0.3055800206928097,0.21939805266953064,1.0,0.0,1.2689973949785278,6000000000.0,square
149,hmc,10000,5.0,2.5e-05,0.001,False,,,0.0,1.0,,,
149,hmc,10000,5.0,2.5e-05,0.0001,False,,,0.0,1.0,,,
149,hmc,10000,5.0,2.5e-05,1e-05,False,,,0.0,1.0,,,
149,smc,2000,1.0,1e-05,0.01,True,0.20362304317777105,0.040755039082831235,1.0,0.0,1.2689973949785278,4000000000.0,square
149,smc,2000,1.0,1e-05,0.001,False,,,0.0,1.0,,,
149,smc,2000,1.0,1e-05,0.0001,False,,,0.0,1.0,,,
149,smc,2000,1.0,1e-05,1e-05,False,,,0.0,1.0,,,
149,smc,2000,1.0,2.5e-05,0.01,True,0.2033571020042767,0.04019772533163343,1.0,0.0,1.2689973949785278,4000000000.0,square
149,smc,2000,1.0,2.5e-05,0.001,False,,,0.0,1.0,,,
149,smc,2000,1.0,2.5e-05,0.0001,False,,,0.0,1.0,,,
149,smc,2000,1.0,2.5e-05,1e-05,False,,,0.0,1.0,,,
149,smc,2000,2.5,1e-05,0.01,True,0.20298218576634008,0.07925800842863129,0.999,0.001,1.2689973949785278,4000000000.0,square
149,smc,2000,2.5,1e-05,0.001,False,,,0.0,1.0,,,
149,smc,2000,2.5,1e-05,0.0001,False,,,0.0,1.0,,,
149,smc,2000,2.5,1e-05,1e-05,False,,,0.0,1.0,,,
149,smc,2000,2.5,2.5e-05,0.01,True,0.20279352959434324,0.08064241640215539,0.9985,0.0015,1.2689973949785278,4000000000.0,square
149,smc,2000,2.5,2.5e-05,0.001,False,,,0.0,1.0,,,
149,smc,2000,2.5,2.5e-05,0.0001,False,,,0.0,1.0,,,
149,smc,2000,2.5,2.5e-05,1e-05,False,,,0.0,1.0,,,
149,smc,2000,5.0,1e-05,0.01,True,0.3049965721984235,0.21807824395469114,1.0,0.0,1.2689973949785278,6000000000.0,square
149,smc,2000,5.0,1e-05,0.001,False,,,0.0,1.0,,,
149,smc,2000,5.0,1e-05,0.0001,False,,,0.0,1.0,,,
149,smc,2000,5.0,1e-05,1e-05,False,,,0.0,1.0,,,
149,smc,2000,5.0,2.5e-05,0.01,True,0.3027529786854803,0.21752923501530153,1.0,0.0,1.2689973949785278,6000000000.0,square
149,smc,2000,5.0,2.5e-05,0.001,False,,,0.0,1.0,,,
149,smc,2000,5.0,2.5e-05,0.0001,False,,,0.0,1.0,,,
149,smc,2000,5.0,2.5e-05,1e-05,False,,,0.0,1.0,,,
149,smc,5000,1.0,1e-05,0.01,True,0.20322754258759385,0.040572498492271736,1.0,0.0,1.2689973949785278,4000000000.0,square
149,smc,5000,1.0,1e-05,0.001,False,,,0.0,1.0,,,
149,smc,5000,1.0,1e-05,0.0001,False,,,0.0,1.0,,,
149,smc,5000,1.0,1e-05,1e-05,False,,,0.0,1.0,,,
149,smc,5000,1.0,2.5e-05,0.01,True,0.20357042143690396,0.04094145293290552,1.0,0.0,1.2689973949785278,4000000000.0,square
149,smc,5000,1.0,2.5e-05,0.001,False,,,0.0,1.0,,,
149,smc,5000,1.0,2.5e-05,0.0001,False,,,0.0,1.0,,,
149,smc,5000,1.0,2.5e-05,1e-05,False,,,0.0,1.0,,,
149,smc,5000,2.5,1e-05,0.01,True,0.2043393608696431,0.0805884649129528,0.9996,0.0004,1.2689973949785278,4000000000.0,square
149,smc,5000,2.5,1e-05,0.001,False,,,0.0,1.0,,,
149,smc,5000,2.5,1e-05,0.0001,False,,,0.0,1.0,,,
149,smc,5000,2.5,1e-05,1e-05,False,,,0.0,1.0,,,
149,smc,5000,2.5,2.5e-05,0.01,True,0.20350896370707847,0.08041965362575057,0.9984,0.0016,1.2689973949785278,4000000000.0,square
149,smc,5000,2.5,2.5e-05,0.001,False,,,0.0,1.0,,,
149,smc,5000,2.5,2.5e-05,0.0001,False,,,0.0,1.0,,,
149,smc,5000,2.5,2.5e-05,1e-05,False,,,0.0,1.0,,,
149,smc,5000,5.0,1e-05,0.01,True,0.30440020422461267,0.22574266985680977,1.0,0.0,1.2689973949785278,6000000000.0,square
149,smc,5000,5.0,1e-05,0.001,False,,,0.0,1.0,,,
149,smc,5000,5.0,1e-05,0.0001,False,,,0.0,1.0,,,
149,smc,5000,5.0,1e-05,1e-05,False,,,0.0,1.0,,,
149,smc,5000,5.0,2.5e-05,0.01,True,0.30768046299775653,0.22005744664535676,1.0,0.0,1.2689973949785278,6000000000.0,square
149,smc,5000,5.0,2.5e-05,0.001,False,,,0.0,1.0,,,
149,smc,5000,5.0,2.5e-05,0.0001,False,,,0.0,1.0,,,
149,smc,5000,5.0,2.5e-05,1e-05,False,,,0.0,1.0,,,
149,smc,10000,1.0,1e-05,0.01,True,0.2036657260215597,0.03998730656550234,1.0,0.0,1.2689973949785278,4000000000.0,square
149,smc,10000,1.0,1e-05,0.001,False,,,0.0,1.0,,,
149,smc,10000,1.0,1e-05,0.0001,False,,,0.0,1.0,,,
149,smc,10000,1.0,1e-05,1e-05,False,,,0.0,1.0,,,
149,smc,10000,1.0,2.5e-05,0.01,True,0.20355836588935383,0.04024587162768267,1.0,0.0,1.2689973949785278,4000000000.0,square
149,smc,10000,1.0,2.5e-05,0.001,False,,,0.0,1.0,,,
149,smc,10000,1.0,2.5e-05,0.0001,False,,,0.0,1.0,,,
149,smc,10000,1.0,2.5e-05,1e-05,False,,,0.0,1.0,,,
149,smc,10000,2.5,1e-05,0.01,True,0.20388894869813026,0.0806568877348886,0.9986,0.0014,1.2689973949785278,4000000000.0,square
149,smc,10000,2.5,1e-05,0.001,False,,,0.0,1.0,,,
149,smc,10000,2.5,1e-05,0.0001,False,,,0.0,1.0,,,
149,smc,10000,2.5,1e-05,1e-05,False,,,0.0,1.0,,,
149,smc,10000,2.5,2.5e-05,0.01,True,0.20339092246391582,0.08059582970816226,0.9989,0.0011,1.2689973949785278,4000000000.0,square
149,smc,10000,2.5,2.5e-05,0.001,False,,,0.0,1.0,,,
149,smc,10000,2.5,2.5e-05,0.0001,False,,,0.0,1.0,,,
149,smc,10000,2.5,2.5e-05,1e-05,False,,,0.0,1.0,,,
149,smc,10000,5.0,1e-05,0.01,True,0.3051803307778065,0.21838133697238815,0.9999,0.0001,1.2689973949785278,6000000000.0,square
149,smc,10000,5.0,1e-05,0.001,False,,,0.0,1.0,,,
149,smc,10000,5.0,1e-05,0.0001,False,,,0.0,1.0,,,
149,smc,10000,5.0,1e-05,1e-05,False,,,0.0,1.0,,,
149,smc,10000,5.0,2.5e-05,0.01,True,0.30677509804742237,0.22248223182287855,1.0,0.0,1.2689973949785278,6000000000.0,square
149,smc,10000,5.0,2.5e-05,0.001,False,,,0.0,1.0,,,
149,smc,10000,5.0,2.5e-05,0.0001,False,,,0.0,1.0,,,
149,smc,10000,5.0,2.5e-05,1e-05,False,,,0.0,1.0,,,
